[0], iter. T, 0.092336, dist. T, 0.082344, 
[1], iter. T, 0.201368, dist. T, 0.086366, 
[2], iter. T, 0.136473, dist. T, 0.085492, 
[3], iter. T, 0.337304, dist. T, 0.304152, 
[4], iter. T, 1.168368, dist. T, 1.141941, 
[5], iter. T, 0.538301, dist. T, 0.515831, 
[6], iter. T, 0.291653, dist. T, 0.269888, 
[0], iter. T, 0.067420, dist. T, 0.057806, 
[1], iter. T, 0.167943, dist. T, 0.070469, 
[2], iter. T, 0.188497, dist. T, 0.132908, 
[3], iter. T, 0.167886, dist. T, 0.134625, 
[4], iter. T, 0.181751, dist. T, 0.155984, 
[5], iter. T, 0.130638, dist. T, 0.106248, 
[6], iter. T, 0.138767, dist. T, 0.119038, 
[0], iter. T, 0.085864, dist. T, 0.076360, 
[1], iter. T, 0.470449, dist. T, 0.223639, 
[2], iter. T, 0.182776, dist. T, 0.097810, 
[3], iter. T, 0.113831, dist. T, 0.065593, 
[4], iter. T, 0.128221, dist. T, 0.091441, 
[5], iter. T, 0.101899, dist. T, 0.070645, 
[6], iter. T, 0.077736, dist. T, 0.053648, 
[7], iter. T, 0.466764, dist. T, 0.445400, 
[8], iter. T, 0.092957, dist. T, 0.074029, 
[9], iter. T, 0.065602, dist. T, 0.049533, 
[0], iter. T, 0.060028, dist. T, 0.050532, 
[1], iter. T, 0.237114, dist. T, 0.161166, 
[2], iter. T, 0.132669, dist. T, 0.088898, 
[3], iter. T, 0.441188, dist. T, 0.410083, 
[4], iter. T, 0.112284, dist. T, 0.085853, 
[5], iter. T, 0.095387, dist. T, 0.072978, 
[6], iter. T, 0.074646, dist. T, 0.056127, 
[0], iter. T, 0.073465, dist. T, 0.063924, 
[1], iter. T, 0.255572, dist. T, 0.127586, 
[2], iter. T, 0.509009, dist. T, 0.456156, 
[3], iter. T, 0.171736, dist. T, 0.136254, 
[4], iter. T, 0.401236, dist. T, 0.374045, 
[5], iter. T, 0.072313, dist. T, 0.047470, 
[6], iter. T, 0.192927, dist. T, 0.164716, 
[7], iter. T, 0.115605, dist. T, 0.096113, 
[0], iter. T, 0.090114, dist. T, 0.080631, 
[1], iter. T, 0.150694, dist. T, 0.057821, 
[2], iter. T, 0.146055, dist. T, 0.089713, 
[3], iter. T, 0.125514, dist. T, 0.086674, 
[4], iter. T, 0.512023, dist. T, 0.482060, 
[5], iter. T, 0.072135, dist. T, 0.047906, 
[6], iter. T, 0.067065, dist. T, 0.048333, 
[0], iter. T, 0.139653, dist. T, 0.130269, 
[1], iter. T, 0.159368, dist. T, 0.083849, 
[2], iter. T, 0.158588, dist. T, 0.114034, 
[3], iter. T, 0.402184, dist. T, 0.373108, 
[4], iter. T, 0.105098, dist. T, 0.081311, 
[5], iter. T, 0.123868, dist. T, 0.103434, 
[0], iter. T, 0.134899, dist. T, 0.125563, 
[1], iter. T, 0.586673, dist. T, 0.491674, 
[2], iter. T, 0.184795, dist. T, 0.121883, 
[3], iter. T, 0.174743, dist. T, 0.143193, 
[4], iter. T, 0.160965, dist. T, 0.134537, 
[5], iter. T, 0.087871, dist. T, 0.067106, 
[0], iter. T, 0.094223, dist. T, 0.084648, 
[1], iter. T, 0.312633, dist. T, 0.183896, 
[2], iter. T, 0.123573, dist. T, 0.061376, 
[3], iter. T, 0.270940, dist. T, 0.232666, 
[4], iter. T, 0.112512, dist. T, 0.085334, 
[5], iter. T, 0.086211, dist. T, 0.062024, 
[6], iter. T, 0.351791, dist. T, 0.333244, 
[0], iter. T, 0.061538, dist. T, 0.052350, 
[1], iter. T, 0.217875, dist. T, 0.111554, 
[2], iter. T, 0.136965, dist. T, 0.084456, 
[3], iter. T, 0.187283, dist. T, 0.149955, 
[4], iter. T, 0.162098, dist. T, 0.134373, 
[5], iter. T, 0.134239, dist. T, 0.110703, 
[6], iter. T, 0.085577, dist. T, 0.064974, 
[0], iter. T, 0.248460, dist. T, 0.238508, 
[1], iter. T, 0.230988, dist. T, 0.137363, 
[2], iter. T, 0.218078, dist. T, 0.170952, 
[3], iter. T, 0.151810, dist. T, 0.118297, 
[4], iter. T, 0.138966, dist. T, 0.112474, 
[5], iter. T, 0.088832, dist. T, 0.064633, 
[6], iter. T, 0.099251, dist. T, 0.078969, 
[0], iter. T, 0.087983, dist. T, 0.078420, 
[1], iter. T, 0.457638, dist. T, 0.288567, 
[2], iter. T, 0.164822, dist. T, 0.102636, 
[3], iter. T, 0.099411, dist. T, 0.060063, 
[4], iter. T, 0.114955, dist. T, 0.085706, 
[5], iter. T, 0.236302, dist. T, 0.207109, 
[6], iter. T, 0.136412, dist. T, 0.111174, 
[7], iter. T, 0.204000, dist. T, 0.168502, 
[0], iter. T, 0.063952, dist. T, 0.053933, 
[1], iter. T, 0.429738, dist. T, 0.294715, 
[2], iter. T, 0.174949, dist. T, 0.112206, 
[3], iter. T, 0.185451, dist. T, 0.136484, 
[4], iter. T, 0.080759, dist. T, 0.052822, 
[5], iter. T, 0.148320, dist. T, 0.124598, 
[6], iter. T, 0.143122, dist. T, 0.123702, 
[0], iter. T, 0.066273, dist. T, 0.056530, 
[1], iter. T, 0.202345, dist. T, 0.096920, 
[2], iter. T, 0.605721, dist. T, 0.554213, 
[3], iter. T, 0.143248, dist. T, 0.103920, 
[4], iter. T, 0.205368, dist. T, 0.175255, 
[5], iter. T, 0.075029, dist. T, 0.050872, 
[6], iter. T, 0.341207, dist. T, 0.319788, 
[0], iter. T, 0.383192, dist. T, 0.373417, 
[1], iter. T, 0.335612, dist. T, 0.271316, 
[2], iter. T, 0.180524, dist. T, 0.140585, 
[3], iter. T, 0.490449, dist. T, 0.459171, 
[4], iter. T, 0.072081, dist. T, 0.048019, 
[5], iter. T, 0.146767, dist. T, 0.125446, 
[0], iter. T, 0.086306, dist. T, 0.076502, 
[1], iter. T, 0.259258, dist. T, 0.132383, 
[2], iter. T, 0.134513, dist. T, 0.083571, 
[3], iter. T, 0.439638, dist. T, 0.403191, 
[4], iter. T, 0.140337, dist. T, 0.111801, 
[5], iter. T, 0.072730, dist. T, 0.050032, 
[6], iter. T, 0.620716, dist. T, 0.602734, 
[0], iter. T, 0.185439, dist. T, 0.176028, 
[1], iter. T, 0.374810, dist. T, 0.229378, 
[2], iter. T, 0.145039, dist. T, 0.091440, 
[3], iter. T, 0.392445, dist. T, 0.356155, 
[4], iter. T, 0.180889, dist. T, 0.151204, 
[5], iter. T, 0.104940, dist. T, 0.082706, 
[6], iter. T, 0.086766, dist. T, 0.068382, 
[0], iter. T, 0.398118, dist. T, 0.388097, 
[1], iter. T, 0.134942, dist. T, 0.046129, 
[2], iter. T, 0.200684, dist. T, 0.144828, 
[3], iter. T, 0.875894, dist. T, 0.838782, 
[4], iter. T, 0.294440, dist. T, 0.266676, 
[5], iter. T, 0.110235, dist. T, 0.087305, 
[6], iter. T, 0.556805, dist. T, 0.534623, 
[0], iter. T, 0.099520, dist. T, 0.088517, 
[1], iter. T, 0.567339, dist. T, 0.334949, 
[2], iter. T, 0.149290, dist. T, 0.080048, 
[3], iter. T, 0.165415, dist. T, 0.123181, 
[4], iter. T, 0.173755, dist. T, 0.141824, 
[5], iter. T, 0.520755, dist. T, 0.495065, 
[6], iter. T, 0.101143, dist. T, 0.080985, 
[0], iter. T, 0.101705, dist. T, 0.092106, 
[1], iter. T, 0.284940, dist. T, 0.143175, 
[2], iter. T, 0.183019, dist. T, 0.123111, 
[3], iter. T, 0.210626, dist. T, 0.162407, 
[4], iter. T, 0.132170, dist. T, 0.098606, 
[5], iter. T, 0.139321, dist. T, 0.113105, 
[6], iter. T, 0.070261, dist. T, 0.048153, 
[0], iter. T, 0.262703, dist. T, 0.252687, 
[1], iter. T, 0.185720, dist. T, 0.060448, 
[2], iter. T, 0.523577, dist. T, 0.466070, 
[3], iter. T, 0.091115, dist. T, 0.056922, 
[4], iter. T, 0.087622, dist. T, 0.061202, 
[5], iter. T, 0.160568, dist. T, 0.137844, 
[6], iter. T, 0.136320, dist. T, 0.115472, 
[0], iter. T, 0.246146, dist. T, 0.236252, 
[1], iter. T, 0.306007, dist. T, 0.160367, 
[2], iter. T, 0.535866, dist. T, 0.458306, 
[3], iter. T, 0.192199, dist. T, 0.150744, 
[4], iter. T, 0.198301, dist. T, 0.161040, 
[5], iter. T, 0.126543, dist. T, 0.098159, 
[6], iter. T, 0.092840, dist. T, 0.069885, 
[0], iter. T, 0.195693, dist. T, 0.185928, 
[1], iter. T, 0.378242, dist. T, 0.311831, 
[2], iter. T, 0.251006, dist. T, 0.208886, 
[3], iter. T, 0.119451, dist. T, 0.089681, 
[4], iter. T, 0.239995, dist. T, 0.212877, 
[5], iter. T, 0.162106, dist. T, 0.132324, 
[0], iter. T, 0.072398, dist. T, 0.062554, 
[1], iter. T, 0.667564, dist. T, 0.437344, 
[2], iter. T, 0.156595, dist. T, 0.075584, 
[3], iter. T, 0.128717, dist. T, 0.084249, 
[4], iter. T, 0.086818, dist. T, 0.054805, 
[5], iter. T, 0.521309, dist. T, 0.491915, 
[6], iter. T, 0.112816, dist. T, 0.087916, 
[7], iter. T, 0.304047, dist. T, 0.275186, 
[8], iter. T, 0.102307, dist. T, 0.082238, 
[9], iter. T, 0.071170, dist. T, 0.052352, 
[0], iter. T, 0.062215, dist. T, 0.052845, 
[1], iter. T, 0.504549, dist. T, 0.408317, 
[2], iter. T, 0.667471, dist. T, 0.618364, 
[3], iter. T, 0.175752, dist. T, 0.142320, 
[4], iter. T, 0.131132, dist. T, 0.105082, 
[5], iter. T, 0.071476, dist. T, 0.048701, 
[6], iter. T, 0.068141, dist. T, 0.049395, 
[0], iter. T, 0.200454, dist. T, 0.190708, 
[1], iter. T, 0.215031, dist. T, 0.125795, 
[2], iter. T, 0.343705, dist. T, 0.294068, 
[3], iter. T, 0.131717, dist. T, 0.097943, 
[4], iter. T, 0.119670, dist. T, 0.093476, 
[5], iter. T, 0.084837, dist. T, 0.063736, 
[6], iter. T, 0.155176, dist. T, 0.130804, 
[0], iter. T, 0.061632, dist. T, 0.052321, 
[1], iter. T, 0.253537, dist. T, 0.173092, 
[2], iter. T, 0.106176, dist. T, 0.060209, 
[3], iter. T, 0.120015, dist. T, 0.086217, 
[4], iter. T, 0.082267, dist. T, 0.055508, 
[5], iter. T, 0.127754, dist. T, 0.098340, 
[6], iter. T, 0.198664, dist. T, 0.180901, 
[0], iter. T, 0.168470, dist. T, 0.158654, 
[1], iter. T, 0.237945, dist. T, 0.069882, 
[2], iter. T, 0.172986, dist. T, 0.100904, 
[3], iter. T, 0.504358, dist. T, 0.461567, 
[4], iter. T, 0.539535, dist. T, 0.508424, 
[5], iter. T, 0.575021, dist. T, 0.551057, 
[6], iter. T, 0.077756, dist. T, 0.058452, 
[0], iter. T, 0.090052, dist. T, 0.078916, 
[1], iter. T, 0.138377, dist. T, 0.071934, 
[2], iter. T, 0.450966, dist. T, 0.409019, 
[3], iter. T, 0.092434, dist. T, 0.061313, 
[4], iter. T, 0.108936, dist. T, 0.082965, 
[5], iter. T, 0.086261, dist. T, 0.060991, 
[6], iter. T, 0.097346, dist. T, 0.075703, 
[0], iter. T, 0.076141, dist. T, 0.066698, 
[1], iter. T, 0.156031, dist. T, 0.056215, 
[2], iter. T, 0.102274, dist. T, 0.056811, 
[3], iter. T, 0.247466, dist. T, 0.217112, 
[4], iter. T, 0.120082, dist. T, 0.096445, 
[5], iter. T, 0.123466, dist. T, 0.103888, 
[0], iter. T, 0.116636, dist. T, 0.106921, 
[1], iter. T, 0.213835, dist. T, 0.123754, 
[2], iter. T, 0.116490, dist. T, 0.066453, 
[3], iter. T, 0.149475, dist. T, 0.116533, 
[4], iter. T, 0.096101, dist. T, 0.069197, 
[5], iter. T, 0.107109, dist. T, 0.081449, 
[6], iter. T, 0.224174, dist. T, 0.204116, 
[0], iter. T, 0.075078, dist. T, 0.065491, 
[1], iter. T, 0.204199, dist. T, 0.100386, 
[2], iter. T, 0.112090, dist. T, 0.060550, 
[3], iter. T, 0.414645, dist. T, 0.380776, 
[4], iter. T, 0.091804, dist. T, 0.064180, 
[5], iter. T, 0.291896, dist. T, 0.270384, 
[6], iter. T, 0.093370, dist. T, 0.074069, 
[0], iter. T, 0.063807, dist. T, 0.054174, 
[1], iter. T, 0.187491, dist. T, 0.081300, 
[2], iter. T, 0.211225, dist. T, 0.158434, 
[3], iter. T, 0.100577, dist. T, 0.065237, 
[4], iter. T, 0.074843, dist. T, 0.048130, 
[5], iter. T, 0.093741, dist. T, 0.071827, 
[0], iter. T, 0.208417, dist. T, 0.198244, 
[1], iter. T, 0.242973, dist. T, 0.116069, 
[2], iter. T, 0.169059, dist. T, 0.094565, 
[3], iter. T, 0.459432, dist. T, 0.415222, 
[4], iter. T, 0.150014, dist. T, 0.120198, 
[5], iter. T, 0.145181, dist. T, 0.117570, 
[6], iter. T, 0.155372, dist. T, 0.133228, 
[0], iter. T, 0.070871, dist. T, 0.061002, 
[1], iter. T, 0.231814, dist. T, 0.103822, 
[2], iter. T, 0.234347, dist. T, 0.168257, 
[3], iter. T, 0.164807, dist. T, 0.125544, 
[4], iter. T, 0.141916, dist. T, 0.109372, 
[5], iter. T, 0.140360, dist. T, 0.114078, 
[6], iter. T, 0.608838, dist. T, 0.588544, 
[0], iter. T, 0.076162, dist. T, 0.066453, 
[1], iter. T, 0.237861, dist. T, 0.121645, 
[2], iter. T, 0.504742, dist. T, 0.449384, 
[3], iter. T, 0.083730, dist. T, 0.050090, 
[4], iter. T, 0.084359, dist. T, 0.058195, 
[5], iter. T, 0.067498, dist. T, 0.048414, 
[0], iter. T, 0.089775, dist. T, 0.079852, 
[1], iter. T, 0.165035, dist. T, 0.077089, 
[2], iter. T, 0.093435, dist. T, 0.049555, 
[3], iter. T, 0.081042, dist. T, 0.047784, 
[4], iter. T, 0.153513, dist. T, 0.129041, 
[5], iter. T, 0.114297, dist. T, 0.092964, 
[0], iter. T, 0.135446, dist. T, 0.125787, 
[1], iter. T, 0.352167, dist. T, 0.263845, 
[2], iter. T, 0.188835, dist. T, 0.119504, 
[3], iter. T, 0.085329, dist. T, 0.053747, 
[4], iter. T, 0.174050, dist. T, 0.145874, 
[5], iter. T, 0.089083, dist. T, 0.067242, 
[0], iter. T, 0.460694, dist. T, 0.442188, 
[1], iter. T, 0.268558, dist. T, 0.167074, 
[2], iter. T, 0.220486, dist. T, 0.151563, 
[3], iter. T, 0.168246, dist. T, 0.128398, 
[4], iter. T, 0.298141, dist. T, 0.267065, 
[5], iter. T, 0.436743, dist. T, 0.406785, 
[6], iter. T, 0.590859, dist. T, 0.549849, 
[0], iter. T, 0.173230, dist. T, 0.163929, 
[1], iter. T, 0.256558, dist. T, 0.159335, 
[2], iter. T, 0.117830, dist. T, 0.064312, 
[3], iter. T, 0.341313, dist. T, 0.291421, 
[4], iter. T, 0.251506, dist. T, 0.216244, 
[5], iter. T, 0.096415, dist. T, 0.071331, 
[0], iter. T, 0.079826, dist. T, 0.068192, 
[1], iter. T, 0.559370, dist. T, 0.400754, 
[2], iter. T, 0.270623, dist. T, 0.183572, 
[3], iter. T, 0.451329, dist. T, 0.412571, 
[4], iter. T, 0.203846, dist. T, 0.160189, 
[5], iter. T, 0.130596, dist. T, 0.105040, 
[6], iter. T, 0.078650, dist. T, 0.057174, 
[7], iter. T, 0.196406, dist. T, 0.178442, 
[0], iter. T, 0.148766, dist. T, 0.138775, 
[1], iter. T, 0.516685, dist. T, 0.404561, 
[2], iter. T, 0.213938, dist. T, 0.151911, 
[3], iter. T, 0.116762, dist. T, 0.084955, 
[4], iter. T, 0.192082, dist. T, 0.163647, 
[5], iter. T, 0.205578, dist. T, 0.178394, 
[6], iter. T, 0.652374, dist. T, 0.628299, 
[0], iter. T, 0.119409, dist. T, 0.108954, 
[1], iter. T, 0.241051, dist. T, 0.113489, 
[2], iter. T, 0.590594, dist. T, 0.533100, 
[3], iter. T, 0.403981, dist. T, 0.360913, 
[4], iter. T, 0.171612, dist. T, 0.136724, 
[5], iter. T, 0.085234, dist. T, 0.059848, 
[6], iter. T, 0.439406, dist. T, 0.418673, 
[0], iter. T, 0.243566, dist. T, 0.234291, 
[1], iter. T, 0.663699, dist. T, 0.400650, 
[2], iter. T, 0.262515, dist. T, 0.164537, 
[3], iter. T, 0.210632, dist. T, 0.131226, 
[4], iter. T, 0.912408, dist. T, 0.849849, 
[5], iter. T, 0.165525, dist. T, 0.133418, 
[6], iter. T, 0.648356, dist. T, 0.617904, 
[7], iter. T, 0.131809, dist. T, 0.107189, 
[8], iter. T, 0.073896, dist. T, 0.053584, 
[0], iter. T, 0.287007, dist. T, 0.276651, 
[1], iter. T, 0.143996, dist. T, 0.054711, 
[2], iter. T, 0.148390, dist. T, 0.094272, 
[3], iter. T, 0.512253, dist. T, 0.475036, 
[4], iter. T, 0.121159, dist. T, 0.089833, 
[5], iter. T, 0.153136, dist. T, 0.127140, 
[6], iter. T, 0.140301, dist. T, 0.120162, 
[0], iter. T, 0.183365, dist. T, 0.169822, 
[1], iter. T, 0.276645, dist. T, 0.131085, 
[2], iter. T, 0.218303, dist. T, 0.154255, 
[3], iter. T, 0.137711, dist. T, 0.102000, 
[4], iter. T, 0.165821, dist. T, 0.139224, 
[5], iter. T, 0.516100, dist. T, 0.494046, 
[6], iter. T, 0.108852, dist. T, 0.089020, 
[0], iter. T, 0.092829, dist. T, 0.083344, 
[1], iter. T, 0.184372, dist. T, 0.075487, 
[2], iter. T, 0.462251, dist. T, 0.402854, 
[3], iter. T, 0.102623, dist. T, 0.065363, 
[4], iter. T, 0.164481, dist. T, 0.138283, 
[5], iter. T, 0.521075, dist. T, 0.499190, 
[0], iter. T, 0.066698, dist. T, 0.057157, 
[1], iter. T, 0.234305, dist. T, 0.158298, 
[2], iter. T, 0.147917, dist. T, 0.099483, 
[3], iter. T, 0.079889, dist. T, 0.048025, 
[4], iter. T, 0.227844, dist. T, 0.196995, 
[5], iter. T, 0.127105, dist. T, 0.105191, 
[6], iter. T, 0.115132, dist. T, 0.094150, 
[0], iter. T, 0.172051, dist. T, 0.162088, 
[1], iter. T, 0.260167, dist. T, 0.148695, 
[2], iter. T, 0.138182, dist. T, 0.087359, 
[3], iter. T, 0.474072, dist. T, 0.430908, 
[4], iter. T, 0.223255, dist. T, 0.189866, 
[5], iter. T, 0.168368, dist. T, 0.141433, 
[6], iter. T, 0.534479, dist. T, 0.513533, 
[0], iter. T, 0.093357, dist. T, 0.080641, 
[1], iter. T, 0.209308, dist. T, 0.085066, 
[2], iter. T, 0.200079, dist. T, 0.140846, 
[3], iter. T, 0.131522, dist. T, 0.090985, 
[4], iter. T, 0.109132, dist. T, 0.081844, 
[5], iter. T, 0.458463, dist. T, 0.438883, 
[0], iter. T, 0.068950, dist. T, 0.058797, 
[1], iter. T, 0.149554, dist. T, 0.047511, 
[2], iter. T, 0.150060, dist. T, 0.096802, 
[3], iter. T, 0.083701, dist. T, 0.049965, 
[4], iter. T, 0.298399, dist. T, 0.274158, 
[5], iter. T, 0.068714, dist. T, 0.048749, 
[0], iter. T, 0.078699, dist. T, 0.067659, 
[1], iter. T, 0.179360, dist. T, 0.082349, 
[2], iter. T, 0.321638, dist. T, 0.272782, 
[3], iter. T, 0.134927, dist. T, 0.098498, 
[4], iter. T, 0.125557, dist. T, 0.066538, 
[5], iter. T, 0.324161, dist. T, 0.301487, 
[6], iter. T, 0.066041, dist. T, 0.047959, 
[0], iter. T, 0.063380, dist. T, 0.053707, 
[1], iter. T, 0.211903, dist. T, 0.114375, 
[2], iter. T, 0.282572, dist. T, 0.229069, 
[3], iter. T, 0.083460, dist. T, 0.048662, 
[4], iter. T, 0.122160, dist. T, 0.093689, 
[5], iter. T, 0.203575, dist. T, 0.181361, 
[6], iter. T, 0.201458, dist. T, 0.182413, 
[0], iter. T, 0.062621, dist. T, 0.052963, 
[1], iter. T, 0.292647, dist. T, 0.100233, 
[2], iter. T, 0.213482, dist. T, 0.145609, 
[3], iter. T, 0.101499, dist. T, 0.056607, 
[4], iter. T, 0.405850, dist. T, 0.375264, 
[5], iter. T, 0.163359, dist. T, 0.134941, 
[6], iter. T, 0.267016, dist. T, 0.243672, 
[7], iter. T, 0.120313, dist. T, 0.100457, 
[8], iter. T, 0.069518, dist. T, 0.048627, 
[9], iter. T, 0.304987, dist. T, 0.287062, 
[10], iter. T, 0.067979, dist. T, 0.051951, 
[0], iter. T, 0.062042, dist. T, 0.052701, 
[1], iter. T, 0.201257, dist. T, 0.096085, 
[2], iter. T, 0.153412, dist. T, 0.104391, 
[3], iter. T, 0.091230, dist. T, 0.054948, 
[4], iter. T, 0.377297, dist. T, 0.349174, 
[5], iter. T, 0.240489, dist. T, 0.216611, 
[6], iter. T, 0.153666, dist. T, 0.133038, 
[0], iter. T, 0.064731, dist. T, 0.055174, 
[1], iter. T, 0.189401, dist. T, 0.077204, 
[2], iter. T, 0.159987, dist. T, 0.111803, 
[3], iter. T, 0.192441, dist. T, 0.159813, 
[4], iter. T, 0.121010, dist. T, 0.095215, 
[5], iter. T, 0.204317, dist. T, 0.178574, 
[6], iter. T, 0.328937, dist. T, 0.308813, 
[0], iter. T, 0.065057, dist. T, 0.055571, 
[1], iter. T, 0.199469, dist. T, 0.126326, 
[2], iter. T, 0.277778, dist. T, 0.236731, 
[3], iter. T, 0.221780, dist. T, 0.187897, 
[4], iter. T, 0.111020, dist. T, 0.084092, 
[5], iter. T, 0.286549, dist. T, 0.264741, 
[0], iter. T, 0.077450, dist. T, 0.068067, 
[1], iter. T, 0.197026, dist. T, 0.098813, 
[2], iter. T, 0.300697, dist. T, 0.248421, 
[3], iter. T, 0.157640, dist. T, 0.120483, 
[4], iter. T, 0.284971, dist. T, 0.255798, 
[5], iter. T, 0.074374, dist. T, 0.048471, 
[6], iter. T, 0.121754, dist. T, 0.100190, 
[0], iter. T, 0.140758, dist. T, 0.131188, 
[1], iter. T, 0.325786, dist. T, 0.230978, 
[2], iter. T, 0.107463, dist. T, 0.056622, 
[3], iter. T, 0.111806, dist. T, 0.080639, 
[4], iter. T, 0.131071, dist. T, 0.104654, 
[5], iter. T, 0.069761, dist. T, 0.050884, 
[0], iter. T, 0.065888, dist. T, 0.056146, 
[1], iter. T, 0.226834, dist. T, 0.089009, 
[2], iter. T, 0.182628, dist. T, 0.119369, 
[3], iter. T, 0.195775, dist. T, 0.154040, 
[4], iter. T, 0.158920, dist. T, 0.129610, 
[5], iter. T, 0.149583, dist. T, 0.127004, 
[6], iter. T, 0.067142, dist. T, 0.049031, 
[0], iter. T, 0.086344, dist. T, 0.076402, 
[1], iter. T, 0.149827, dist. T, 0.049134, 
[2], iter. T, 0.114200, dist. T, 0.066765, 
[3], iter. T, 0.455733, dist. T, 0.423320, 
[4], iter. T, 0.165397, dist. T, 0.139873, 
[5], iter. T, 0.113579, dist. T, 0.094462, 
[0], iter. T, 0.063034, dist. T, 0.053797, 
[1], iter. T, 0.208912, dist. T, 0.084216, 
[2], iter. T, 0.142197, dist. T, 0.091414, 
[3], iter. T, 0.172751, dist. T, 0.139021, 
[4], iter. T, 0.114440, dist. T, 0.088603, 
[5], iter. T, 0.082442, dist. T, 0.059161, 
[6], iter. T, 0.095768, dist. T, 0.078384, 
[0], iter. T, 0.205742, dist. T, 0.196426, 
[1], iter. T, 0.284633, dist. T, 0.092987, 
[2], iter. T, 0.139128, dist. T, 0.059513, 
[3], iter. T, 0.115471, dist. T, 0.070624, 
[4], iter. T, 0.089340, dist. T, 0.055232, 
[5], iter. T, 0.129560, dist. T, 0.104164, 
[6], iter. T, 0.339350, dist. T, 0.316960, 
[7], iter. T, 0.071740, dist. T, 0.051015, 
[8], iter. T, 0.374827, dist. T, 0.357412, 
[0], iter. T, 0.071550, dist. T, 0.062173, 
[1], iter. T, 0.206345, dist. T, 0.102358, 
[2], iter. T, 0.166740, dist. T, 0.116958, 
[3], iter. T, 0.177821, dist. T, 0.143025, 
[4], iter. T, 0.124483, dist. T, 0.095153, 
[5], iter. T, 0.108337, dist. T, 0.082872, 
[6], iter. T, 0.218584, dist. T, 0.196735, 
[0], iter. T, 0.064650, dist. T, 0.055112, 
[1], iter. T, 0.223357, dist. T, 0.078671, 
[2], iter. T, 0.171397, dist. T, 0.116094, 
[3], iter. T, 0.084987, dist. T, 0.049343, 
[4], iter. T, 0.152377, dist. T, 0.126094, 
[5], iter. T, 0.246752, dist. T, 0.223591, 
[6], iter. T, 0.121057, dist. T, 0.101639, 
[0], iter. T, 0.062268, dist. T, 0.052244, 
[1], iter. T, 0.282039, dist. T, 0.125255, 
[2], iter. T, 0.385723, dist. T, 0.324515, 
[3], iter. T, 0.099938, dist. T, 0.063631, 
[4], iter. T, 0.076790, dist. T, 0.049063, 
[5], iter. T, 0.072133, dist. T, 0.050069, 
[6], iter. T, 0.070498, dist. T, 0.051455, 
[0], iter. T, 0.108284, dist. T, 0.098743, 
[1], iter. T, 0.355820, dist. T, 0.162496, 
[2], iter. T, 0.184099, dist. T, 0.104190, 
[3], iter. T, 0.166957, dist. T, 0.122945, 
[4], iter. T, 0.370888, dist. T, 0.318111, 
[5], iter. T, 0.076205, dist. T, 0.051794, 
[6], iter. T, 0.126225, dist. T, 0.106269, 
[0], iter. T, 0.064683, dist. T, 0.055162, 
[1], iter. T, 0.374762, dist. T, 0.247393, 
[2], iter. T, 0.103138, dist. T, 0.047406, 
[3], iter. T, 0.127771, dist. T, 0.089692, 
[4], iter. T, 0.171274, dist. T, 0.142230, 
[5], iter. T, 0.141436, dist. T, 0.119996, 
[6], iter. T, 0.089307, dist. T, 0.071711, 
[0], iter. T, 0.103193, dist. T, 0.093484, 
[1], iter. T, 0.254575, dist. T, 0.164782, 
[2], iter. T, 0.141192, dist. T, 0.094497, 
[3], iter. T, 0.129668, dist. T, 0.093139, 
[4], iter. T, 0.396971, dist. T, 0.368960, 
[5], iter. T, 0.078819, dist. T, 0.057515, 
[6], iter. T, 0.075427, dist. T, 0.055840, 
[0], iter. T, 0.062426, dist. T, 0.052896, 
[1], iter. T, 0.260635, dist. T, 0.146454, 
[2], iter. T, 0.490916, dist. T, 0.436073, 
[3], iter. T, 0.116226, dist. T, 0.079937, 
[4], iter. T, 0.120945, dist. T, 0.091566, 
[5], iter. T, 0.081392, dist. T, 0.058038, 
[6], iter. T, 0.073657, dist. T, 0.053974, 
[0], iter. T, 0.069650, dist. T, 0.059874, 
[1], iter. T, 0.238051, dist. T, 0.077818, 
[2], iter. T, 0.346910, dist. T, 0.258265, 
[3], iter. T, 0.087126, dist. T, 0.046755, 
[4], iter. T, 0.080425, dist. T, 0.049950, 
[5], iter. T, 0.201650, dist. T, 0.177219, 
[6], iter. T, 0.194043, dist. T, 0.172699, 
[7], iter. T, 0.068363, dist. T, 0.048141, 
[0], iter. T, 0.062519, dist. T, 0.052690, 
[1], iter. T, 0.200806, dist. T, 0.081007, 
[2], iter. T, 0.190998, dist. T, 0.140897, 
[3], iter. T, 0.125034, dist. T, 0.090038, 
[4], iter. T, 0.365467, dist. T, 0.335937, 
[5], iter. T, 0.099499, dist. T, 0.075264, 
[6], iter. T, 0.096359, dist. T, 0.075285, 
[0], iter. T, 0.065383, dist. T, 0.055476, 
[1], iter. T, 0.170086, dist. T, 0.050149, 
[2], iter. T, 0.126315, dist. T, 0.074736, 
[3], iter. T, 0.149728, dist. T, 0.114854, 
[4], iter. T, 0.141365, dist. T, 0.114757, 
[5], iter. T, 0.105701, dist. T, 0.086055, 
[0], iter. T, 0.150369, dist. T, 0.140990, 
[1], iter. T, 0.303318, dist. T, 0.102298, 
[2], iter. T, 0.259853, dist. T, 0.186716, 
[3], iter. T, 0.211045, dist. T, 0.167811, 
[4], iter. T, 0.111177, dist. T, 0.074938, 
[5], iter. T, 0.112493, dist. T, 0.084223, 
[6], iter. T, 0.278131, dist. T, 0.253031, 
[7], iter. T, 0.373547, dist. T, 0.351455, 
[8], iter. T, 0.265055, dist. T, 0.245355, 
[0], iter. T, 0.072614, dist. T, 0.063037, 
[1], iter. T, 0.318394, dist. T, 0.151607, 
[2], iter. T, 0.310246, dist. T, 0.248943, 
[3], iter. T, 0.109971, dist. T, 0.069964, 
[4], iter. T, 0.305637, dist. T, 0.274016, 
[5], iter. T, 0.186660, dist. T, 0.160410, 
[6], iter. T, 0.610736, dist. T, 0.580592, 
[7], iter. T, 0.432402, dist. T, 0.411702, 
[8], iter. T, 0.135769, dist. T, 0.115036, 
[9], iter. T, 0.067534, dist. T, 0.048677, 
[10], iter. T, 0.165098, dist. T, 0.144250, 
[0], iter. T, 0.098885, dist. T, 0.085498, 
[1], iter. T, 0.181421, dist. T, 0.107641, 
[2], iter. T, 0.173632, dist. T, 0.122196, 
[3], iter. T, 0.195417, dist. T, 0.149546, 
[4], iter. T, 0.217185, dist. T, 0.184107, 
[5], iter. T, 0.291247, dist. T, 0.263051, 
[0], iter. T, 0.144043, dist. T, 0.106908, 
[1], iter. T, 0.221238, dist. T, 0.132974, 
[2], iter. T, 0.104466, dist. T, 0.059701, 
[3], iter. T, 0.127700, dist. T, 0.085397, 
[4], iter. T, 0.105272, dist. T, 0.072379, 
[5], iter. T, 0.144084, dist. T, 0.121143, 
[0], iter. T, 0.092138, dist. T, 0.079978, 
[1], iter. T, 0.195108, dist. T, 0.074916, 
[2], iter. T, 0.141823, dist. T, 0.090210, 
[3], iter. T, 0.199019, dist. T, 0.164046, 
[4], iter. T, 0.165772, dist. T, 0.140047, 
[5], iter. T, 0.332871, dist. T, 0.311352, 
[6], iter. T, 0.094312, dist. T, 0.068621, 
[0], iter. T, 0.103641, dist. T, 0.092865, 
[1], iter. T, 0.447601, dist. T, 0.240190, 
[2], iter. T, 0.191467, dist. T, 0.114421, 
[3], iter. T, 0.143021, dist. T, 0.099290, 
[4], iter. T, 0.086974, dist. T, 0.058415, 
[5], iter. T, 0.251817, dist. T, 0.225709, 
[6], iter. T, 0.079454, dist. T, 0.058406, 
[0], iter. T, 0.072619, dist. T, 0.061216, 
[1], iter. T, 0.270776, dist. T, 0.090415, 
[2], iter. T, 0.490729, dist. T, 0.416756, 
[3], iter. T, 0.124976, dist. T, 0.062372, 
[4], iter. T, 0.365314, dist. T, 0.331688, 
[5], iter. T, 0.075022, dist. T, 0.050293, 
[6], iter. T, 0.132938, dist. T, 0.112370, 
[0], iter. T, 0.075197, dist. T, 0.063122, 
[1], iter. T, 0.329954, dist. T, 0.184063, 
[2], iter. T, 0.186441, dist. T, 0.130244, 
[3], iter. T, 0.166782, dist. T, 0.125927, 
[4], iter. T, 0.133059, dist. T, 0.106967, 
[5], iter. T, 0.076128, dist. T, 0.055596, 
[0], iter. T, 0.063327, dist. T, 0.053426, 
[1], iter. T, 0.228799, dist. T, 0.064108, 
[2], iter. T, 0.489078, dist. T, 0.416997, 
[3], iter. T, 0.128258, dist. T, 0.088728, 
[4], iter. T, 0.092292, dist. T, 0.059686, 
[5], iter. T, 0.339242, dist. T, 0.310957, 
[6], iter. T, 0.125262, dist. T, 0.102796, 
[7], iter. T, 0.116047, dist. T, 0.095394, 
[0], iter. T, 0.065072, dist. T, 0.055736, 
[1], iter. T, 0.198294, dist. T, 0.123002, 
[2], iter. T, 0.214547, dist. T, 0.172569, 
[3], iter. T, 0.143963, dist. T, 0.110796, 
[4], iter. T, 0.230086, dist. T, 0.203285, 
[5], iter. T, 0.272414, dist. T, 0.250040, 
[6], iter. T, 0.091170, dist. T, 0.070604, 
[0], iter. T, 0.144810, dist. T, 0.133309, 
[1], iter. T, 0.241962, dist. T, 0.137502, 
[2], iter. T, 0.253189, dist. T, 0.201665, 
[3], iter. T, 0.218616, dist. T, 0.183152, 
[4], iter. T, 0.418163, dist. T, 0.391382, 
[5], iter. T, 0.972161, dist. T, 0.948986, 
[6], iter. T, 0.111414, dist. T, 0.091322, 
[0], iter. T, 0.065459, dist. T, 0.055188, 
[1], iter. T, 0.170411, dist. T, 0.075524, 
[2], iter. T, 0.109074, dist. T, 0.058877, 
[3], iter. T, 0.127520, dist. T, 0.094250, 
[4], iter. T, 0.520163, dist. T, 0.493860, 
[5], iter. T, 0.112591, dist. T, 0.089619, 
[6], iter. T, 0.328149, dist. T, 0.311397, 
[0], iter. T, 0.141311, dist. T, 0.131696, 
[1], iter. T, 0.758946, dist. T, 0.619336, 
[2], iter. T, 0.107203, dist. T, 0.048850, 
[3], iter. T, 0.408195, dist. T, 0.371691, 
[4], iter. T, 0.093283, dist. T, 0.066120, 
[5], iter. T, 0.129977, dist. T, 0.109491, 
[0], iter. T, 0.151918, dist. T, 0.142100, 
[1], iter. T, 0.442017, dist. T, 0.328637, 
[2], iter. T, 0.178148, dist. T, 0.117801, 
[3], iter. T, 0.205783, dist. T, 0.171958, 
[4], iter. T, 0.226012, dist. T, 0.192913, 
[5], iter. T, 0.445427, dist. T, 0.424536, 
[6], iter. T, 0.098819, dist. T, 0.079193, 
[0], iter. T, 0.194656, dist. T, 0.185226, 
[1], iter. T, 0.582047, dist. T, 0.512864, 
[2], iter. T, 0.204099, dist. T, 0.161909, 
[3], iter. T, 0.473413, dist. T, 0.442002, 
[4], iter. T, 0.069666, dist. T, 0.047150, 
[5], iter. T, 0.068001, dist. T, 0.047646, 
[0], iter. T, 0.067043, dist. T, 0.057247, 
[1], iter. T, 0.242323, dist. T, 0.131306, 
[2], iter. T, 0.160497, dist. T, 0.108322, 
[3], iter. T, 0.172611, dist. T, 0.138427, 
[4], iter. T, 0.279983, dist. T, 0.253717, 
[5], iter. T, 0.068516, dist. T, 0.047993, 
[0], iter. T, 0.218156, dist. T, 0.208532, 
[1], iter. T, 0.395178, dist. T, 0.261752, 
[2], iter. T, 0.108680, dist. T, 0.047622, 
[3], iter. T, 0.098942, dist. T, 0.059871, 
[4], iter. T, 0.177053, dist. T, 0.147703, 
[5], iter. T, 0.073897, dist. T, 0.048724, 
[6], iter. T, 0.140546, dist. T, 0.120356, 
[0], iter. T, 0.070528, dist. T, 0.060736, 
[1], iter. T, 0.886498, dist. T, 0.751796, 
[2], iter. T, 0.493688, dist. T, 0.443360, 
[3], iter. T, 0.520356, dist. T, 0.481864, 
[4], iter. T, 0.193561, dist. T, 0.164061, 
[5], iter. T, 0.241714, dist. T, 0.217837, 
[6], iter. T, 0.127233, dist. T, 0.108022, 
[0], iter. T, 0.190376, dist. T, 0.180756, 
[1], iter. T, 0.515535, dist. T, 0.375117, 
[2], iter. T, 0.371365, dist. T, 0.310270, 
[3], iter. T, 0.118415, dist. T, 0.079612, 
[4], iter. T, 0.163165, dist. T, 0.133465, 
[5], iter. T, 0.104335, dist. T, 0.081369, 
[6], iter. T, 0.469265, dist. T, 0.444384, 
[0], iter. T, 0.064789, dist. T, 0.055219, 
[1], iter. T, 0.338828, dist. T, 0.127642, 
[2], iter. T, 0.128746, dist. T, 0.050128, 
[3], iter. T, 0.087599, dist. T, 0.050754, 
[4], iter. T, 0.206047, dist. T, 0.175836, 
[5], iter. T, 0.081960, dist. T, 0.058959, 
[6], iter. T, 0.190663, dist. T, 0.170343, 
[0], iter. T, 0.067762, dist. T, 0.057833, 
[1], iter. T, 0.272012, dist. T, 0.137157, 
[2], iter. T, 0.154676, dist. T, 0.096793, 
[3], iter. T, 0.103173, dist. T, 0.066702, 
[4], iter. T, 0.111621, dist. T, 0.082937, 
[5], iter. T, 0.609241, dist. T, 0.583099, 
[6], iter. T, 0.154436, dist. T, 0.131166, 
[7], iter. T, 0.112242, dist. T, 0.094362, 
[0], iter. T, 0.171143, dist. T, 0.161662, 
[1], iter. T, 0.392889, dist. T, 0.267028, 
[2], iter. T, 0.174314, dist. T, 0.122712, 
[3], iter. T, 0.334748, dist. T, 0.299352, 
[4], iter. T, 0.152596, dist. T, 0.125983, 
[5], iter. T, 0.095406, dist. T, 0.075176, 
[0], iter. T, 0.117806, dist. T, 0.108130, 
[1], iter. T, 0.219206, dist. T, 0.095711, 
[2], iter. T, 0.276055, dist. T, 0.210433, 
[3], iter. T, 0.083761, dist. T, 0.046686, 
[4], iter. T, 0.501691, dist. T, 0.467083, 
[5], iter. T, 0.143402, dist. T, 0.119517, 
[6], iter. T, 0.442385, dist. T, 0.422557, 
[0], iter. T, 0.069258, dist. T, 0.059569, 
[1], iter. T, 0.269607, dist. T, 0.185285, 
[2], iter. T, 0.284240, dist. T, 0.243384, 
[3], iter. T, 0.130972, dist. T, 0.098985, 
[4], iter. T, 0.181392, dist. T, 0.155798, 
[5], iter. T, 0.334624, dist. T, 0.313979, 
[0], iter. T, 0.061779, dist. T, 0.051736, 
[1], iter. T, 0.177211, dist. T, 0.091651, 
[2], iter. T, 0.097260, dist. T, 0.046595, 
[3], iter. T, 0.098723, dist. T, 0.064371, 
[4], iter. T, 0.152313, dist. T, 0.124228, 
[5], iter. T, 0.160953, dist. T, 0.138134, 
[6], iter. T, 0.111258, dist. T, 0.091623, 
[0], iter. T, 0.153204, dist. T, 0.140887, 
[1], iter. T, 0.586276, dist. T, 0.350171, 
[2], iter. T, 0.332639, dist. T, 0.247782, 
[3], iter. T, 0.129708, dist. T, 0.085894, 
[4], iter. T, 0.350379, dist. T, 0.312469, 
[5], iter. T, 0.159159, dist. T, 0.129997, 
[6], iter. T, 0.087316, dist. T, 0.062247, 
[7], iter. T, 0.219231, dist. T, 0.198212, 
[8], iter. T, 0.463776, dist. T, 0.446116, 
[0], iter. T, 0.066203, dist. T, 0.056622, 
[1], iter. T, 0.272236, dist. T, 0.159224, 
[2], iter. T, 0.341864, dist. T, 0.283860, 
[3], iter. T, 0.173033, dist. T, 0.136957, 
[4], iter. T, 0.321070, dist. T, 0.289454, 
[5], iter. T, 0.559272, dist. T, 0.532804, 
[6], iter. T, 0.074257, dist. T, 0.052632, 
