[0], iter. T, 0.561816, dist. T, 0.550180, 
[1], iter. T, 0.841211, dist. T, 0.632731, 
[2], iter. T, 0.434844, dist. T, 0.345941, 
[3], iter. T, 0.138771, dist. T, 0.095141, 
[4], iter. T, 0.088008, dist. T, 0.055222, 
[5], iter. T, 0.116586, dist. T, 0.088048, 
[6], iter. T, 0.078426, dist. T, 0.053726, 
[7], iter. T, 0.086928, dist. T, 0.067125, 
[8], iter. T, 0.107620, dist. T, 0.089021, 
[9], iter. T, 0.072881, dist. T, 0.055176, 
[10], iter. T, 0.059184, dist. T, 0.044122, 
[11], iter. T, 0.079593, dist. T, 0.064794, 
[0], iter. T, 0.062580, dist. T, 0.053942, 
[1], iter. T, 0.338364, dist. T, 0.169318, 
[2], iter. T, 0.124655, dist. T, 0.066737, 
[3], iter. T, 0.119335, dist. T, 0.081327, 
[4], iter. T, 0.294988, dist. T, 0.263696, 
[5], iter. T, 0.089573, dist. T, 0.067673, 
[6], iter. T, 0.174050, dist. T, 0.154364, 
[0], iter. T, 0.057348, dist. T, 0.048540, 
[1], iter. T, 0.245826, dist. T, 0.091017, 
[2], iter. T, 0.120179, dist. T, 0.049940, 
[3], iter. T, 0.335103, dist. T, 0.295022, 
[4], iter. T, 0.147592, dist. T, 0.121193, 
[5], iter. T, 0.289902, dist. T, 0.268358, 
[6], iter. T, 0.059840, dist. T, 0.042505, 
[0], iter. T, 0.063114, dist. T, 0.054643, 
[1], iter. T, 0.465068, dist. T, 0.225582, 
[2], iter. T, 0.156960, dist. T, 0.091142, 
[3], iter. T, 0.083079, dist. T, 0.042933, 
[4], iter. T, 0.578386, dist. T, 0.548343, 
[5], iter. T, 0.075107, dist. T, 0.051625, 
[6], iter. T, 0.336391, dist. T, 0.313866, 
[7], iter. T, 0.157961, dist. T, 0.137373, 
[8], iter. T, 0.294674, dist. T, 0.277246, 
[9], iter. T, 0.356494, dist. T, 0.342760, 
[0], iter. T, 0.054632, dist. T, 0.045908, 
[1], iter. T, 0.381839, dist. T, 0.237315, 
[2], iter. T, 0.260792, dist. T, 0.207400, 
[3], iter. T, 0.108213, dist. T, 0.073853, 
[4], iter. T, 0.151596, dist. T, 0.125724, 
[5], iter. T, 0.106861, dist. T, 0.085097, 
[6], iter. T, 0.062806, dist. T, 0.043672, 
[0], iter. T, 0.065593, dist. T, 0.056828, 
[1], iter. T, 0.136668, dist. T, 0.058911, 
[2], iter. T, 0.213755, dist. T, 0.172917, 
[3], iter. T, 0.117748, dist. T, 0.086243, 
[4], iter. T, 0.083114, dist. T, 0.057676, 
[5], iter. T, 0.219157, dist. T, 0.195991, 
[6], iter. T, 0.063526, dist. T, 0.043747, 
[0], iter. T, 0.058407, dist. T, 0.049730, 
[1], iter. T, 0.180651, dist. T, 0.044593, 
[2], iter. T, 0.128297, dist. T, 0.073826, 
[3], iter. T, 0.143151, dist. T, 0.107958, 
[4], iter. T, 0.212134, dist. T, 0.182706, 
[5], iter. T, 0.306766, dist. T, 0.283650, 
[6], iter. T, 0.062994, dist. T, 0.043558, 
[7], iter. T, 0.120607, dist. T, 0.104053, 
[0], iter. T, 0.059572, dist. T, 0.050866, 
[1], iter. T, 0.182748, dist. T, 0.057382, 
[2], iter. T, 0.121742, dist. T, 0.067090, 
[3], iter. T, 0.167696, dist. T, 0.133930, 
[4], iter. T, 0.178199, dist. T, 0.153352, 
[5], iter. T, 0.093709, dist. T, 0.073471, 
[6], iter. T, 0.064310, dist. T, 0.046360, 
[0], iter. T, 0.088552, dist. T, 0.079672, 
[1], iter. T, 0.272265, dist. T, 0.139100, 
[2], iter. T, 0.237084, dist. T, 0.172051, 
[3], iter. T, 0.199043, dist. T, 0.159769, 
[4], iter. T, 0.098152, dist. T, 0.066074, 
[5], iter. T, 0.112028, dist. T, 0.091157, 
[6], iter. T, 0.072505, dist. T, 0.053711, 
[0], iter. T, 0.065308, dist. T, 0.056334, 
[1], iter. T, 0.166106, dist. T, 0.079804, 
[2], iter. T, 0.186174, dist. T, 0.139961, 
[3], iter. T, 0.225650, dist. T, 0.193945, 
[4], iter. T, 0.157661, dist. T, 0.130905, 
[5], iter. T, 0.258847, dist. T, 0.238907, 
[0], iter. T, 0.136971, dist. T, 0.128195, 
[1], iter. T, 0.146999, dist. T, 0.066531, 
[2], iter. T, 0.465226, dist. T, 0.420486, 
[3], iter. T, 0.174588, dist. T, 0.142702, 
[4], iter. T, 0.144565, dist. T, 0.119399, 
[5], iter. T, 0.201115, dist. T, 0.181496, 
[6], iter. T, 0.058161, dist. T, 0.041968, 
[0], iter. T, 0.330246, dist. T, 0.321636, 
[1], iter. T, 0.167145, dist. T, 0.089610, 
[2], iter. T, 0.140970, dist. T, 0.096769, 
[3], iter. T, 0.472507, dist. T, 0.428967, 
[4], iter. T, 0.264425, dist. T, 0.215531, 
[5], iter. T, 0.372302, dist. T, 0.350257, 
[6], iter. T, 0.469891, dist. T, 0.451453, 
[0], iter. T, 0.467763, dist. T, 0.457696, 
[1], iter. T, 0.544331, dist. T, 0.272144, 
[2], iter. T, 0.383365, dist. T, 0.306447, 
[3], iter. T, 0.122561, dist. T, 0.072351, 
[4], iter. T, 0.423295, dist. T, 0.392599, 
[5], iter. T, 0.271640, dist. T, 0.244714, 
[6], iter. T, 0.130669, dist. T, 0.107085, 
[7], iter. T, 0.077640, dist. T, 0.055713, 
[8], iter. T, 0.141302, dist. T, 0.124976, 
[0], iter. T, 0.079770, dist. T, 0.067378, 
[1], iter. T, 0.331913, dist. T, 0.183854, 
[2], iter. T, 1.393830, dist. T, 1.335911, 
[3], iter. T, 0.103625, dist. T, 0.068519, 
[4], iter. T, 0.547236, dist. T, 0.519498, 
[5], iter. T, 0.100553, dist. T, 0.079568, 
[6], iter. T, 0.088088, dist. T, 0.071244, 
[0], iter. T, 1.094671, dist. T, 1.085447, 
[1], iter. T, 0.428362, dist. T, 0.333102, 
[2], iter. T, 1.766643, dist. T, 1.716536, 
[3], iter. T, 1.934002, dist. T, 1.894619, 
[4], iter. T, 0.498330, dist. T, 0.471547, 
[5], iter. T, 0.725856, dist. T, 0.705299, 
[6], iter. T, 1.106341, dist. T, 1.085214, 
[0], iter. T, 0.152988, dist. T, 0.144048, 
[1], iter. T, 0.786252, dist. T, 0.699690, 
[2], iter. T, 0.648618, dist. T, 0.601805, 
[3], iter. T, 0.740664, dist. T, 0.702960, 
[4], iter. T, 0.290515, dist. T, 0.267491, 
[5], iter. T, 0.111728, dist. T, 0.090513, 
[6], iter. T, 1.727180, dist. T, 1.709811, 
[0], iter. T, 1.421826, dist. T, 1.412480, 
[1], iter. T, 2.694998, dist. T, 2.592269, 
[2], iter. T, 0.811531, dist. T, 0.763970, 
[3], iter. T, 7.270220, dist. T, 7.207231, 
[4], iter. T, 0.123653, dist. T, 0.065363, 
[5], iter. T, 0.369605, dist. T, 0.348049, 
[6], iter. T, 0.059731, dist. T, 0.043599, 
[0], iter. T, 0.123351, dist. T, 0.114701, 
[1], iter. T, 0.456360, dist. T, 0.331478, 
[2], iter. T, 0.351179, dist. T, 0.300614, 
[3], iter. T, 0.195363, dist. T, 0.163072, 
[4], iter. T, 0.447808, dist. T, 0.422584, 
[5], iter. T, 0.139556, dist. T, 0.118032, 
[6], iter. T, 0.233686, dist. T, 0.215574, 
[0], iter. T, 0.154538, dist. T, 0.145708, 
[1], iter. T, 0.522312, dist. T, 0.357350, 
[2], iter. T, 0.414240, dist. T, 0.341660, 
[3], iter. T, 0.834765, dist. T, 0.791785, 
[4], iter. T, 0.095097, dist. T, 0.068796, 
[5], iter. T, 0.548212, dist. T, 0.527412, 
[6], iter. T, 0.106810, dist. T, 0.089910, 
[0], iter. T, 0.058203, dist. T, 0.049317, 
[1], iter. T, 0.171629, dist. T, 0.070536, 
[2], iter. T, 0.111777, dist. T, 0.043355, 
[3], iter. T, 0.566821, dist. T, 0.529377, 
[4], iter. T, 0.069703, dist. T, 0.043506, 
[5], iter. T, 0.086734, dist. T, 0.065660, 
[6], iter. T, 0.596861, dist. T, 0.579684, 
[0], iter. T, 0.054115, dist. T, 0.045456, 
[1], iter. T, 0.166221, dist. T, 0.071711, 
[2], iter. T, 0.532590, dist. T, 0.483283, 
[3], iter. T, 0.576314, dist. T, 0.542952, 
[4], iter. T, 0.336575, dist. T, 0.310587, 
[5], iter. T, 0.075633, dist. T, 0.053631, 
[6], iter. T, 0.063626, dist. T, 0.044271, 
[0], iter. T, 0.430913, dist. T, 0.418687, 
[1], iter. T, 0.889817, dist. T, 0.758542, 
[2], iter. T, 0.660580, dist. T, 0.602913, 
[3], iter. T, 0.891410, dist. T, 0.855072, 
[4], iter. T, 0.876092, dist. T, 0.850642, 
[5], iter. T, 0.612289, dist. T, 0.591668, 
[6], iter. T, 0.519989, dist. T, 0.502655, 
[0], iter. T, 0.224238, dist. T, 0.215518, 
[1], iter. T, 0.339869, dist. T, 0.232704, 
[2], iter. T, 0.395721, dist. T, 0.342765, 
[3], iter. T, 0.129588, dist. T, 0.091412, 
[4], iter. T, 0.132763, dist. T, 0.104750, 
[5], iter. T, 0.087165, dist. T, 0.064979, 
[6], iter. T, 0.439331, dist. T, 0.420948, 
[0], iter. T, 0.552748, dist. T, 0.543559, 
[1], iter. T, 0.531645, dist. T, 0.356852, 
[2], iter. T, 0.338320, dist. T, 0.275347, 
[3], iter. T, 0.082422, dist. T, 0.044709, 
[4], iter. T, 0.146730, dist. T, 0.117364, 
[5], iter. T, 0.444360, dist. T, 0.419824, 
[6], iter. T, 0.073830, dist. T, 0.054320, 
[0], iter. T, 0.211326, dist. T, 0.195082, 
[1], iter. T, 0.899678, dist. T, 0.792493, 
[2], iter. T, 0.462615, dist. T, 0.406064, 
[3], iter. T, 0.298850, dist. T, 0.260855, 
[4], iter. T, 0.449494, dist. T, 0.424174, 
[5], iter. T, 0.185099, dist. T, 0.164354, 
[6], iter. T, 0.444435, dist. T, 0.426733, 
[0], iter. T, 0.220699, dist. T, 0.211595, 
[1], iter. T, 0.468645, dist. T, 0.342241, 
[2], iter. T, 0.200440, dist. T, 0.141298, 
[3], iter. T, 0.187844, dist. T, 0.151549, 
[4], iter. T, 0.316883, dist. T, 0.290713, 
[5], iter. T, 0.151315, dist. T, 0.130334, 
[6], iter. T, 0.256942, dist. T, 0.239148, 
[0], iter. T, 0.054132, dist. T, 0.045713, 
[1], iter. T, 0.279675, dist. T, 0.157332, 
[2], iter. T, 0.108568, dist. T, 0.046325, 
[3], iter. T, 0.084561, dist. T, 0.051204, 
[4], iter. T, 0.271720, dist. T, 0.246191, 
[5], iter. T, 0.073477, dist. T, 0.052758, 
[6], iter. T, 0.077034, dist. T, 0.060681, 
[0], iter. T, 0.062252, dist. T, 0.053496, 
[1], iter. T, 0.181203, dist. T, 0.095848, 
[2], iter. T, 0.458811, dist. T, 0.414778, 
[3], iter. T, 0.077876, dist. T, 0.046075, 
[4], iter. T, 0.188045, dist. T, 0.163198, 
[5], iter. T, 0.133300, dist. T, 0.114900, 
[0], iter. T, 0.055636, dist. T, 0.046853, 
[1], iter. T, 0.313924, dist. T, 0.184779, 
[2], iter. T, 0.321453, dist. T, 0.257071, 
[3], iter. T, 0.120794, dist. T, 0.082513, 
[4], iter. T, 0.126621, dist. T, 0.101351, 
[5], iter. T, 0.191478, dist. T, 0.171703, 
[0], iter. T, 0.203874, dist. T, 0.195013, 
[1], iter. T, 0.306641, dist. T, 0.195751, 
[2], iter. T, 0.307846, dist. T, 0.254785, 
[3], iter. T, 0.284457, dist. T, 0.233274, 
[4], iter. T, 0.086035, dist. T, 0.063099, 
[5], iter. T, 0.697092, dist. T, 0.676242, 
[6], iter. T, 0.805009, dist. T, 0.788261, 
[0], iter. T, 0.223367, dist. T, 0.214743, 
[1], iter. T, 4.492783, dist. T, 4.278905, 
[2], iter. T, 0.388421, dist. T, 0.301109, 
[3], iter. T, 0.484655, dist. T, 0.442501, 
[4], iter. T, 0.420256, dist. T, 0.390073, 
[5], iter. T, 0.137698, dist. T, 0.114699, 
[6], iter. T, 0.065343, dist. T, 0.045507, 
[7], iter. T, 0.060918, dist. T, 0.043044, 
[0], iter. T, 0.179412, dist. T, 0.170801, 
[1], iter. T, 0.277951, dist. T, 0.158456, 
[2], iter. T, 0.189932, dist. T, 0.137896, 
[3], iter. T, 0.255599, dist. T, 0.193820, 
[4], iter. T, 0.362480, dist. T, 0.321675, 
[5], iter. T, 0.229513, dist. T, 0.208562, 
[6], iter. T, 0.365454, dist. T, 0.347927, 
[0], iter. T, 1.288172, dist. T, 1.278724, 
[1], iter. T, 0.414334, dist. T, 0.293127, 
[2], iter. T, 0.501212, dist. T, 0.442692, 
[3], iter. T, 0.079666, dist. T, 0.044208, 
[4], iter. T, 0.284355, dist. T, 0.255325, 
[5], iter. T, 0.186885, dist. T, 0.164607, 
[6], iter. T, 0.199160, dist. T, 0.182171, 
[0], iter. T, 0.057147, dist. T, 0.048388, 
[1], iter. T, 0.277098, dist. T, 0.113728, 
[2], iter. T, 0.155858, dist. T, 0.094418, 
[3], iter. T, 0.098293, dist. T, 0.060320, 
[4], iter. T, 0.437475, dist. T, 0.410454, 
[5], iter. T, 0.780259, dist. T, 0.759115, 
[6], iter. T, 0.142002, dist. T, 0.123018, 
[0], iter. T, 0.054592, dist. T, 0.046047, 
[1], iter. T, 0.232681, dist. T, 0.134286, 
[2], iter. T, 0.388856, dist. T, 0.340028, 
[3], iter. T, 0.082163, dist. T, 0.044513, 
[4], iter. T, 0.091213, dist. T, 0.064536, 
[5], iter. T, 0.349259, dist. T, 0.330121, 
[0], iter. T, 0.100411, dist. T, 0.091134, 
[1], iter. T, 0.488615, dist. T, 0.337761, 
[2], iter. T, 0.146878, dist. T, 0.093262, 
[3], iter. T, 0.080428, dist. T, 0.043786, 
[4], iter. T, 0.197120, dist. T, 0.167583, 
[5], iter. T, 0.091808, dist. T, 0.069366, 
[6], iter. T, 0.065047, dist. T, 0.043483, 
[7], iter. T, 0.063325, dist. T, 0.045306, 
[0], iter. T, 0.057528, dist. T, 0.048611, 
[1], iter. T, 0.555049, dist. T, 0.220040, 
[2], iter. T, 0.160731, dist. T, 0.071564, 
[3], iter. T, 0.183334, dist. T, 0.137120, 
[4], iter. T, 0.102368, dist. T, 0.068167, 
[5], iter. T, 0.112682, dist. T, 0.083092, 
[6], iter. T, 0.070721, dist. T, 0.043819, 
[7], iter. T, 0.123023, dist. T, 0.098372, 
[8], iter. T, 0.065401, dist. T, 0.045819, 
[0], iter. T, 0.056313, dist. T, 0.047787, 
[1], iter. T, 0.244701, dist. T, 0.087782, 
[2], iter. T, 0.200653, dist. T, 0.141485, 
[3], iter. T, 0.246067, dist. T, 0.208974, 
[4], iter. T, 0.173397, dist. T, 0.146937, 
[5], iter. T, 0.162347, dist. T, 0.139694, 
[6], iter. T, 0.231566, dist. T, 0.209704, 
[0], iter. T, 0.054652, dist. T, 0.045725, 
[1], iter. T, 0.328512, dist. T, 0.183054, 
[2], iter. T, 0.099215, dist. T, 0.044465, 
[3], iter. T, 0.174979, dist. T, 0.138259, 
[4], iter. T, 0.090947, dist. T, 0.067422, 
[5], iter. T, 0.064997, dist. T, 0.044118, 
[6], iter. T, 0.061574, dist. T, 0.044989, 
[0], iter. T, 0.058894, dist. T, 0.050235, 
[1], iter. T, 0.391763, dist. T, 0.231919, 
[2], iter. T, 0.148354, dist. T, 0.085546, 
[3], iter. T, 0.216462, dist. T, 0.177963, 
[4], iter. T, 0.131452, dist. T, 0.103370, 
[5], iter. T, 0.333168, dist. T, 0.310850, 
[6], iter. T, 0.085710, dist. T, 0.067728, 
[0], iter. T, 0.053720, dist. T, 0.045179, 
[1], iter. T, 0.451121, dist. T, 0.212265, 
[2], iter. T, 0.132183, dist. T, 0.068830, 
[3], iter. T, 0.302634, dist. T, 0.264837, 
[4], iter. T, 0.077274, dist. T, 0.047997, 
[5], iter. T, 0.292781, dist. T, 0.265055, 
[6], iter. T, 0.247989, dist. T, 0.224825, 
[7], iter. T, 0.089354, dist. T, 0.069522, 
[8], iter. T, 0.136691, dist. T, 0.119265, 
[0], iter. T, 0.070229, dist. T, 0.059724, 
[1], iter. T, 0.228628, dist. T, 0.105057, 
[2], iter. T, 0.359410, dist. T, 0.309608, 
[3], iter. T, 0.148639, dist. T, 0.111701, 
[4], iter. T, 0.244388, dist. T, 0.219686, 
[5], iter. T, 0.112032, dist. T, 0.091974, 
[0], iter. T, 0.150809, dist. T, 0.142133, 
[1], iter. T, 0.367929, dist. T, 0.192282, 
[2], iter. T, 0.150771, dist. T, 0.087590, 
[3], iter. T, 0.233997, dist. T, 0.198561, 
[4], iter. T, 0.069259, dist. T, 0.044061, 
[5], iter. T, 0.077708, dist. T, 0.056858, 
[6], iter. T, 0.152944, dist. T, 0.134093, 
[0], iter. T, 0.187390, dist. T, 0.178850, 
[1], iter. T, 0.380037, dist. T, 0.174900, 
[2], iter. T, 0.434645, dist. T, 0.354813, 
[3], iter. T, 0.262809, dist. T, 0.219520, 
[4], iter. T, 0.121859, dist. T, 0.069952, 
[5], iter. T, 0.284845, dist. T, 0.255011, 
[6], iter. T, 0.132322, dist. T, 0.111336, 
[7], iter. T, 0.070105, dist. T, 0.051978, 
[0], iter. T, 0.056541, dist. T, 0.048135, 
[1], iter. T, 0.144563, dist. T, 0.053490, 
[2], iter. T, 0.158238, dist. T, 0.111107, 
[3], iter. T, 0.085552, dist. T, 0.054233, 
[4], iter. T, 0.091491, dist. T, 0.066361, 
[5], iter. T, 0.078456, dist. T, 0.057677, 
[0], iter. T, 0.063230, dist. T, 0.054530, 
[1], iter. T, 0.212017, dist. T, 0.122363, 
[2], iter. T, 0.267324, dist. T, 0.220192, 
[3], iter. T, 0.331910, dist. T, 0.299325, 
[4], iter. T, 0.085349, dist. T, 0.060608, 
[5], iter. T, 0.102078, dist. T, 0.081939, 
[6], iter. T, 0.174901, dist. T, 0.157900, 
[0], iter. T, 0.057932, dist. T, 0.049319, 
[1], iter. T, 0.341400, dist. T, 0.221032, 
[2], iter. T, 0.183558, dist. T, 0.132423, 
[3], iter. T, 0.083682, dist. T, 0.048120, 
[4], iter. T, 0.294802, dist. T, 0.269346, 
[5], iter. T, 0.065069, dist. T, 0.043953, 
[6], iter. T, 0.121338, dist. T, 0.104763, 
[0], iter. T, 0.289880, dist. T, 0.281350, 
[1], iter. T, 0.220411, dist. T, 0.100871, 
[2], iter. T, 0.139884, dist. T, 0.086643, 
[3], iter. T, 0.078892, dist. T, 0.044287, 
[4], iter. T, 0.147993, dist. T, 0.120608, 
[5], iter. T, 0.067587, dist. T, 0.044909, 
[6], iter. T, 0.149424, dist. T, 0.130329, 
[0], iter. T, 0.121758, dist. T, 0.111934, 
[1], iter. T, 0.392761, dist. T, 0.301770, 
[2], iter. T, 0.258130, dist. T, 0.212006, 
[3], iter. T, 0.075615, dist. T, 0.044847, 
[4], iter. T, 0.072196, dist. T, 0.047588, 
[5], iter. T, 0.262664, dist. T, 0.241319, 
[6], iter. T, 0.066104, dist. T, 0.048723, 
[0], iter. T, 0.146127, dist. T, 0.137041, 
[1], iter. T, 0.204500, dist. T, 0.059452, 
[2], iter. T, 0.276328, dist. T, 0.214386, 
[3], iter. T, 0.372093, dist. T, 0.334018, 
[4], iter. T, 0.112354, dist. T, 0.083294, 
[5], iter. T, 0.170255, dist. T, 0.145085, 
[6], iter. T, 0.099659, dist. T, 0.078258, 
[7], iter. T, 0.110262, dist. T, 0.092283, 
[0], iter. T, 0.055521, dist. T, 0.046707, 
[1], iter. T, 0.273454, dist. T, 0.123802, 
[2], iter. T, 0.332924, dist. T, 0.272219, 
[3], iter. T, 0.186591, dist. T, 0.145358, 
[4], iter. T, 0.338988, dist. T, 0.309934, 
[5], iter. T, 0.137507, dist. T, 0.114768, 
[6], iter. T, 0.113662, dist. T, 0.093855, 
[7], iter. T, 0.071146, dist. T, 0.053969, 
[0], iter. T, 0.114002, dist. T, 0.105264, 
[1], iter. T, 0.250345, dist. T, 0.129851, 
[2], iter. T, 0.296232, dist. T, 0.243466, 
[3], iter. T, 0.221878, dist. T, 0.188786, 
[4], iter. T, 0.068290, dist. T, 0.042853, 
[5], iter. T, 0.135231, dist. T, 0.112573, 
[6], iter. T, 0.118615, dist. T, 0.098751, 
[0], iter. T, 0.055124, dist. T, 0.046578, 
[1], iter. T, 0.383089, dist. T, 0.184071, 
[2], iter. T, 0.117398, dist. T, 0.058761, 
[3], iter. T, 0.084341, dist. T, 0.049949, 
[4], iter. T, 0.071451, dist. T, 0.044255, 
[5], iter. T, 0.098218, dist. T, 0.075629, 
[6], iter. T, 0.348799, dist. T, 0.327863, 
[7], iter. T, 0.092081, dist. T, 0.073368, 
[8], iter. T, 0.059822, dist. T, 0.043588, 
[0], iter. T, 0.063220, dist. T, 0.054089, 
[1], iter. T, 0.200332, dist. T, 0.086004, 
[2], iter. T, 0.183694, dist. T, 0.134329, 
[3], iter. T, 0.107546, dist. T, 0.072262, 
[4], iter. T, 0.130398, dist. T, 0.103759, 
[5], iter. T, 0.118104, dist. T, 0.095396, 
[6], iter. T, 0.336700, dist. T, 0.317639, 
[0], iter. T, 0.054698, dist. T, 0.046152, 
[1], iter. T, 0.263197, dist. T, 0.163494, 
[2], iter. T, 0.163703, dist. T, 0.112532, 
[3], iter. T, 0.108159, dist. T, 0.072968, 
[4], iter. T, 0.203317, dist. T, 0.175843, 
[5], iter. T, 0.128976, dist. T, 0.105648, 
[6], iter. T, 0.083581, dist. T, 0.064203, 
[0], iter. T, 0.084052, dist. T, 0.073470, 
[1], iter. T, 0.154563, dist. T, 0.090876, 
[2], iter. T, 0.093993, dist. T, 0.054351, 
[3], iter. T, 0.072180, dist. T, 0.042926, 
[4], iter. T, 0.116261, dist. T, 0.092096, 
[5], iter. T, 0.067570, dist. T, 0.048567, 
[0], iter. T, 0.063659, dist. T, 0.055266, 
[1], iter. T, 0.433182, dist. T, 0.135262, 
[2], iter. T, 0.190513, dist. T, 0.102503, 
[3], iter. T, 0.196360, dist. T, 0.150611, 
[4], iter. T, 0.309254, dist. T, 0.277264, 
[5], iter. T, 0.121782, dist. T, 0.087084, 
[6], iter. T, 0.247660, dist. T, 0.218468, 
[7], iter. T, 0.198061, dist. T, 0.176207, 
[8], iter. T, 0.179630, dist. T, 0.161004, 
[0], iter. T, 0.087036, dist. T, 0.074272, 
[1], iter. T, 0.326057, dist. T, 0.142942, 
[2], iter. T, 0.105775, dist. T, 0.043499, 
[3], iter. T, 0.366304, dist. T, 0.328112, 
[4], iter. T, 0.145938, dist. T, 0.117042, 
[5], iter. T, 0.310893, dist. T, 0.284825, 
[6], iter. T, 0.081381, dist. T, 0.063164, 
[0], iter. T, 0.067234, dist. T, 0.058256, 
[1], iter. T, 0.305109, dist. T, 0.143224, 
[2], iter. T, 0.126336, dist. T, 0.057824, 
[3], iter. T, 0.389381, dist. T, 0.345071, 
[4], iter. T, 0.069057, dist. T, 0.043790, 
[5], iter. T, 0.087873, dist. T, 0.060911, 
[6], iter. T, 0.349789, dist. T, 0.322811, 
[0], iter. T, 0.067564, dist. T, 0.059009, 
[1], iter. T, 0.261972, dist. T, 0.148753, 
[2], iter. T, 0.267772, dist. T, 0.207158, 
[3], iter. T, 0.119581, dist. T, 0.084328, 
[4], iter. T, 0.174021, dist. T, 0.146033, 
[5], iter. T, 0.180690, dist. T, 0.158657, 
[6], iter. T, 0.297687, dist. T, 0.277692, 
[0], iter. T, 0.054869, dist. T, 0.045967, 
[1], iter. T, 0.288201, dist. T, 0.136311, 
[2], iter. T, 0.186196, dist. T, 0.127032, 
[3], iter. T, 0.477305, dist. T, 0.440987, 
[4], iter. T, 0.113822, dist. T, 0.088562, 
[5], iter. T, 0.097093, dist. T, 0.076262, 
[6], iter. T, 0.170935, dist. T, 0.153353, 
[0], iter. T, 0.096779, dist. T, 0.088285, 
[1], iter. T, 0.206170, dist. T, 0.067061, 
[2], iter. T, 0.168687, dist. T, 0.109445, 
[3], iter. T, 0.186318, dist. T, 0.149343, 
[4], iter. T, 0.216366, dist. T, 0.190549, 
[5], iter. T, 0.077521, dist. T, 0.056218, 
[6], iter. T, 0.075360, dist. T, 0.057538, 
[0], iter. T, 0.056377, dist. T, 0.047706, 
[1], iter. T, 0.174984, dist. T, 0.093357, 
[2], iter. T, 0.184069, dist. T, 0.142039, 
[3], iter. T, 0.176887, dist. T, 0.144687, 
[4], iter. T, 0.069208, dist. T, 0.043780, 
[5], iter. T, 0.102630, dist. T, 0.081713, 
[6], iter. T, 0.058959, dist. T, 0.044157, 
[0], iter. T, 0.157409, dist. T, 0.148853, 
[1], iter. T, 0.204881, dist. T, 0.104246, 
[2], iter. T, 0.135118, dist. T, 0.085365, 
[3], iter. T, 0.175637, dist. T, 0.139767, 
[4], iter. T, 0.115730, dist. T, 0.089956, 
[5], iter. T, 0.075463, dist. T, 0.054493, 
[6], iter. T, 0.252320, dist. T, 0.233686, 
[0], iter. T, 0.053656, dist. T, 0.045263, 
[1], iter. T, 0.162863, dist. T, 0.064498, 
[2], iter. T, 0.182622, dist. T, 0.133237, 
[3], iter. T, 0.358624, dist. T, 0.321868, 
[4], iter. T, 0.070303, dist. T, 0.045351, 
[5], iter. T, 0.088279, dist. T, 0.068115, 
[6], iter. T, 0.089582, dist. T, 0.072855, 
[0], iter. T, 0.076640, dist. T, 0.068163, 
[1], iter. T, 0.262950, dist. T, 0.100753, 
[2], iter. T, 0.148210, dist. T, 0.086519, 
[3], iter. T, 0.159592, dist. T, 0.121612, 
[4], iter. T, 0.088268, dist. T, 0.057714, 
[5], iter. T, 0.150979, dist. T, 0.125391, 
[6], iter. T, 0.384868, dist. T, 0.364178, 
[7], iter. T, 0.094313, dist. T, 0.076122, 
[0], iter. T, 0.058832, dist. T, 0.050235, 
[1], iter. T, 0.296143, dist. T, 0.194323, 
[2], iter. T, 0.138778, dist. T, 0.080857, 
[3], iter. T, 0.074205, dist. T, 0.043271, 
[4], iter. T, 0.094216, dist. T, 0.069704, 
[5], iter. T, 0.066393, dist. T, 0.043754, 
[6], iter. T, 0.169930, dist. T, 0.151447, 
[0], iter. T, 0.054796, dist. T, 0.046073, 
[1], iter. T, 0.221206, dist. T, 0.115473, 
[2], iter. T, 0.115296, dist. T, 0.067662, 
[3], iter. T, 0.205248, dist. T, 0.166750, 
[4], iter. T, 0.461502, dist. T, 0.436644, 
[5], iter. T, 0.062989, dist. T, 0.043206, 
[6], iter. T, 0.154054, dist. T, 0.133531, 
[0], iter. T, 0.054323, dist. T, 0.045729, 
[1], iter. T, 0.401120, dist. T, 0.284658, 
[2], iter. T, 0.160987, dist. T, 0.106222, 
[3], iter. T, 1.428721, dist. T, 1.391213, 
[4], iter. T, 0.210231, dist. T, 0.182546, 
[5], iter. T, 0.437546, dist. T, 0.413897, 
[6], iter. T, 0.264332, dist. T, 0.181042, 
[0], iter. T, 0.183234, dist. T, 0.173780, 
[1], iter. T, 0.429057, dist. T, 0.355110, 
[2], iter. T, 0.335670, dist. T, 0.287633, 
[3], iter. T, 0.109650, dist. T, 0.079522, 
[4], iter. T, 0.550370, dist. T, 0.524597, 
[5], iter. T, 0.094929, dist. T, 0.074588, 
[6], iter. T, 0.419402, dist. T, 0.403695, 
[0], iter. T, 0.155658, dist. T, 0.146746, 
[1], iter. T, 0.408548, dist. T, 0.287587, 
[2], iter. T, 0.405735, dist. T, 0.356852, 
[3], iter. T, 0.134621, dist. T, 0.102482, 
[4], iter. T, 0.219716, dist. T, 0.193176, 
[5], iter. T, 0.068344, dist. T, 0.048709, 
[6], iter. T, 0.090186, dist. T, 0.074947, 
[0], iter. T, 0.220892, dist. T, 0.212029, 
[1], iter. T, 0.156461, dist. T, 0.079981, 
[2], iter. T, 0.131192, dist. T, 0.088050, 
[3], iter. T, 0.140651, dist. T, 0.109269, 
[4], iter. T, 0.151074, dist. T, 0.126015, 
[5], iter. T, 0.352017, dist. T, 0.330958, 
[6], iter. T, 0.067510, dist. T, 0.050953, 
[0], iter. T, 0.078184, dist. T, 0.068123, 
[1], iter. T, 0.394753, dist. T, 0.137030, 
[2], iter. T, 0.179684, dist. T, 0.097307, 
[3], iter. T, 0.449197, dist. T, 0.405698, 
[4], iter. T, 0.074355, dist. T, 0.042698, 
[5], iter. T, 0.090958, dist. T, 0.066915, 
[6], iter. T, 0.251237, dist. T, 0.231076, 
[7], iter. T, 0.337237, dist. T, 0.318070, 
[8], iter. T, 0.071973, dist. T, 0.053715, 
[9], iter. T, 0.619626, dist. T, 0.600837, 
[10], iter. T, 0.063151, dist. T, 0.048618, 
[0], iter. T, 0.118192, dist. T, 0.109573, 
[1], iter. T, 0.370908, dist. T, 0.248829, 
[2], iter. T, 0.203404, dist. T, 0.146891, 
[3], iter. T, 0.534902, dist. T, 0.497615, 
[4], iter. T, 0.393746, dist. T, 0.366052, 
[5], iter. T, 0.114433, dist. T, 0.092095, 
[6], iter. T, 0.278485, dist. T, 0.259787, 
[0], iter. T, 0.064020, dist. T, 0.055478, 
[1], iter. T, 0.881121, dist. T, 0.652183, 
[2], iter. T, 0.506548, dist. T, 0.438591, 
[3], iter. T, 0.662625, dist. T, 0.598969, 
[4], iter. T, 0.075814, dist. T, 0.045485, 
[5], iter. T, 0.174347, dist. T, 0.148757, 
[6], iter. T, 0.066446, dist. T, 0.043720, 
[7], iter. T, 0.171595, dist. T, 0.151177, 
[8], iter. T, 0.093312, dist. T, 0.074030, 
[9], iter. T, 0.341391, dist. T, 0.323602, 
[0], iter. T, 0.055681, dist. T, 0.046904, 
[1], iter. T, 0.478017, dist. T, 0.369843, 
[2], iter. T, 0.167019, dist. T, 0.119306, 
[3], iter. T, 0.171539, dist. T, 0.139528, 
[4], iter. T, 0.091621, dist. T, 0.066695, 
[5], iter. T, 0.340781, dist. T, 0.320988, 
[6], iter. T, 0.085563, dist. T, 0.067005, 
[0], iter. T, 0.253467, dist. T, 0.244464, 
[1], iter. T, 0.459802, dist. T, 0.350674, 
[2], iter. T, 0.270092, dist. T, 0.222463, 
[3], iter. T, 0.148448, dist. T, 0.116652, 
[4], iter. T, 0.345132, dist. T, 0.321617, 
[5], iter. T, 0.300564, dist. T, 0.278909, 
[0], iter. T, 0.116395, dist. T, 0.107933, 
[1], iter. T, 0.530731, dist. T, 0.406102, 
[2], iter. T, 0.361520, dist. T, 0.301054, 
[3], iter. T, 0.328826, dist. T, 0.296171, 
[4], iter. T, 0.271994, dist. T, 0.247799, 
[5], iter. T, 0.061636, dist. T, 0.042701, 
[0], iter. T, 0.221197, dist. T, 0.211571, 
[1], iter. T, 0.296926, dist. T, 0.108996, 
[2], iter. T, 0.300047, dist. T, 0.226862, 
[3], iter. T, 0.109220, dist. T, 0.066506, 
[4], iter. T, 0.083435, dist. T, 0.054149, 
[5], iter. T, 0.474865, dist. T, 0.450616, 
[6], iter. T, 0.061106, dist. T, 0.043187, 
[0], iter. T, 0.057524, dist. T, 0.049031, 
[1], iter. T, 0.198997, dist. T, 0.105647, 
[2], iter. T, 0.122456, dist. T, 0.074459, 
[3], iter. T, 0.413907, dist. T, 0.379600, 
[4], iter. T, 0.371812, dist. T, 0.343871, 
[5], iter. T, 0.128045, dist. T, 0.107689, 
[6], iter. T, 0.081461, dist. T, 0.065765, 
[0], iter. T, 0.082810, dist. T, 0.074215, 
[1], iter. T, 0.252136, dist. T, 0.129020, 
[2], iter. T, 0.406492, dist. T, 0.353292, 
[3], iter. T, 0.138017, dist. T, 0.103671, 
[4], iter. T, 0.074741, dist. T, 0.049088, 
[5], iter. T, 2.967648, dist. T, 2.944555, 
[6], iter. T, 0.248429, dist. T, 0.231244, 
[0], iter. T, 0.304065, dist. T, 0.295395, 
[1], iter. T, 1.913196, dist. T, 1.662486, 
[2], iter. T, 8.031567, dist. T, 7.943585, 
[3], iter. T, 0.702335, dist. T, 0.661401, 
[4], iter. T, 0.800435, dist. T, 0.747504, 
[5], iter. T, 0.179657, dist. T, 0.154868, 
[6], iter. T, 0.459097, dist. T, 0.434982, 
[7], iter. T, 0.071001, dist. T, 0.048818, 
[8], iter. T, 0.100830, dist. T, 0.079806, 
[9], iter. T, 0.183819, dist. T, 0.166534, 
[0], iter. T, 0.230189, dist. T, 0.221497, 
[1], iter. T, 0.288938, dist. T, 0.181408, 
[2], iter. T, 0.102257, dist. T, 0.045256, 
[3], iter. T, 0.354947, dist. T, 0.317048, 
[4], iter. T, 0.120194, dist. T, 0.092862, 
[5], iter. T, 0.344842, dist. T, 0.322983, 
[6], iter. T, 0.125055, dist. T, 0.105953, 
[0], iter. T, 0.054636, dist. T, 0.046102, 
[1], iter. T, 0.192553, dist. T, 0.119998, 
[2], iter. T, 0.270797, dist. T, 0.224157, 
[3], iter. T, 0.149930, dist. T, 0.115765, 
[4], iter. T, 0.336729, dist. T, 0.307814, 
[5], iter. T, 0.078220, dist. T, 0.052652, 
[6], iter. T, 0.092339, dist. T, 0.061284, 
[0], iter. T, 0.075563, dist. T, 0.066908, 
[1], iter. T, 0.277131, dist. T, 0.185240, 
[2], iter. T, 0.284955, dist. T, 0.234518, 
[3], iter. T, 0.150417, dist. T, 0.120724, 
[4], iter. T, 0.366662, dist. T, 0.341576, 
[5], iter. T, 0.257022, dist. T, 0.236169, 
[6], iter. T, 0.087867, dist. T, 0.069371, 
[0], iter. T, 0.074415, dist. T, 0.062351, 
[1], iter. T, 0.196714, dist. T, 0.083218, 
[2], iter. T, 0.341822, dist. T, 0.287739, 
[3], iter. T, 0.086325, dist. T, 0.054899, 
[4], iter. T, 0.366514, dist. T, 0.331508, 
[5], iter. T, 0.160960, dist. T, 0.140809, 
[0], iter. T, 0.057270, dist. T, 0.048659, 
[1], iter. T, 0.383654, dist. T, 0.237618, 
[2], iter. T, 0.097086, dist. T, 0.043862, 
[3], iter. T, 0.322638, dist. T, 0.289999, 
[4], iter. T, 0.069191, dist. T, 0.043091, 
[5], iter. T, 0.139159, dist. T, 0.117126, 
[6], iter. T, 0.078246, dist. T, 0.061433, 
[0], iter. T, 0.169415, dist. T, 0.157497, 
[1], iter. T, 1.104049, dist. T, 0.961131, 
[2], iter. T, 0.835401, dist. T, 0.780222, 
[3], iter. T, 0.439643, dist. T, 0.404535, 
[4], iter. T, 0.416046, dist. T, 0.389030, 
[5], iter. T, 0.174640, dist. T, 0.148910, 
[6], iter. T, 0.483436, dist. T, 0.463340, 
[0], iter. T, 0.066731, dist. T, 0.058040, 
[1], iter. T, 0.370441, dist. T, 0.224816, 
[2], iter. T, 0.223793, dist. T, 0.167235, 
[3], iter. T, 0.087104, dist. T, 0.050273, 
[4], iter. T, 0.159393, dist. T, 0.134043, 
[5], iter. T, 0.076425, dist. T, 0.056324, 
[6], iter. T, 0.061446, dist. T, 0.042828, 
[0], iter. T, 0.517080, dist. T, 0.507890, 
[1], iter. T, 0.499816, dist. T, 0.305898, 
[2], iter. T, 0.166615, dist. T, 0.052257, 
[3], iter. T, 0.517641, dist. T, 0.480946, 
[4], iter. T, 0.258132, dist. T, 0.230549, 
[5], iter. T, 0.079374, dist. T, 0.050890, 
[6], iter. T, 0.099568, dist. T, 0.078794, 
[7], iter. T, 0.085109, dist. T, 0.066929, 
[0], iter. T, 0.192116, dist. T, 0.178740, 
[1], iter. T, 0.501700, dist. T, 0.354480, 
[2], iter. T, 0.807720, dist. T, 0.729724, 
[3], iter. T, 0.621664, dist. T, 0.552752, 
[4], iter. T, 0.071022, dist. T, 0.045844, 
[5], iter. T, 0.213475, dist. T, 0.180927, 
[0], iter. T, 0.262112, dist. T, 0.253502, 
[1], iter. T, 0.346569, dist. T, 0.223630, 
[2], iter. T, 0.330127, dist. T, 0.279774, 
[3], iter. T, 0.076442, dist. T, 0.043575, 
[4], iter. T, 0.431360, dist. T, 0.397096, 
[5], iter. T, 0.063080, dist. T, 0.043290, 
[6], iter. T, 0.060191, dist. T, 0.043543, 
[0], iter. T, 0.066055, dist. T, 0.057220, 
[1], iter. T, 0.556511, dist. T, 0.420313, 
[2], iter. T, 0.735628, dist. T, 0.649988, 
[3], iter. T, 0.379405, dist. T, 0.342453, 
[4], iter. T, 0.151043, dist. T, 0.122492, 
[5], iter. T, 0.067305, dist. T, 0.044793, 
[6], iter. T, 0.747632, dist. T, 0.726302, 
[0], iter. T, 0.133383, dist. T, 0.124182, 
[1], iter. T, 0.869329, dist. T, 0.639840, 
[2], iter. T, 0.448641, dist. T, 0.370876, 
[3], iter. T, 0.444622, dist. T, 0.400273, 
[4], iter. T, 0.362067, dist. T, 0.323226, 
[5], iter. T, 0.083705, dist. T, 0.053208, 
[6], iter. T, 0.320170, dist. T, 0.296583, 
[7], iter. T, 0.189557, dist. T, 0.172234, 
[8], iter. T, 0.068323, dist. T, 0.052565, 
[0], iter. T, 0.157169, dist. T, 0.148318, 
[1], iter. T, 0.250399, dist. T, 0.093649, 
[2], iter. T, 0.164919, dist. T, 0.105453, 
[3], iter. T, 2.238109, dist. T, 2.203161, 
[4], iter. T, 0.704526, dist. T, 0.678242, 
[5], iter. T, 0.588096, dist. T, 0.533765, 
[6], iter. T, 0.629143, dist. T, 0.609093, 
[0], iter. T, 0.122823, dist. T, 0.114037, 
[1], iter. T, 0.426920, dist. T, 0.328787, 
[2], iter. T, 0.141461, dist. T, 0.091161, 
[3], iter. T, 0.935750, dist. T, 0.899836, 
[4], iter. T, 0.089537, dist. T, 0.061602, 
[5], iter. T, 0.587791, dist. T, 0.566524, 
[6], iter. T, 0.389751, dist. T, 0.373736, 
[0], iter. T, 0.466698, dist. T, 0.457843, 
[1], iter. T, 0.783263, dist. T, 0.678110, 
[2], iter. T, 0.269888, dist. T, 0.222435, 
[3], iter. T, 0.433145, dist. T, 0.400323, 
[4], iter. T, 0.440633, dist. T, 0.414234, 
[5], iter. T, 0.067149, dist. T, 0.046987, 
[6], iter. T, 0.260794, dist. T, 0.242350, 
[0], iter. T, 0.525100, dist. T, 0.516137, 
[1], iter. T, 0.727432, dist. T, 0.605055, 
[2], iter. T, 0.352149, dist. T, 0.302384, 
[3], iter. T, 0.079106, dist. T, 0.044428, 
[4], iter. T, 0.326138, dist. T, 0.298521, 
[5], iter. T, 0.449808, dist. T, 0.428060, 
[6], iter. T, 0.521382, dist. T, 0.503120, 
[0], iter. T, 0.572275, dist. T, 0.562930, 
[1], iter. T, 0.393152, dist. T, 0.314505, 
[2], iter. T, 0.622843, dist. T, 0.577358, 
[3], iter. T, 0.445344, dist. T, 0.406534, 
[4], iter. T, 0.216792, dist. T, 0.189451, 
[5], iter. T, 0.304143, dist. T, 0.276472, 
[6], iter. T, 0.066456, dist. T, 0.047475, 
[0], iter. T, 0.179584, dist. T, 0.170491, 
[1], iter. T, 1.391185, dist. T, 1.059921, 
[2], iter. T, 0.745437, dist. T, 0.652856, 
[3], iter. T, 0.815184, dist. T, 0.762868, 
[4], iter. T, 2.455546, dist. T, 2.419170, 
[5], iter. T, 0.156427, dist. T, 0.127196, 
[6], iter. T, 0.993821, dist. T, 0.968414, 
[7], iter. T, 0.164718, dist. T, 0.145162, 
[8], iter. T, 0.068379, dist. T, 0.052548, 
